,date,id,rawContent,url,username,followerCount,replyCount,retweetCount,likeCount,quoteCount,langugage,links,media,retweetedTweet,quotedTweet,inReplyToTweetId,inReplyToUser,mentionedUsers,coordinates,place,hashtags,cashtags,card
0,2023-01-25 19:26:24+00:00,1618329458238259200,"A new official 01coin block explorer has been launched at https://t.co/L2aX7toWgn. The old official $ZOC explorer had been having trouble properly displaying transactions for months, so we are pleased to say the new one works (and looks) great!",https://twitter.com/01CoinTeam/status/1618329458238259200,01CoinTeam,394,0,0,1,0,en,"[TextLink(text='explorer.01coin.io', url='https://explorer.01coin.io/', tcourl='https://t.co/L2aX7toWgn', indices=(58, 81))]",,,,,,,,,,['ZOC'],
1,2022-11-28 17:11:53+00:00,1597277107318669312,"Today is your last chance to get our best deals of the year on new VPS rentals from https://t.co/zDnDdnRd8U. 

‚Ä¢ Get double the storage for FREE
‚Ä¢ Get up to 5 times the network bandwidth for FREE
‚Ä¢ Plus take an additional 25% off with discount code 25OFF

Don't miss out! https://t.co/DborkWslU8",https://twitter.com/01CoinTeam/status/1597277107318669312,01CoinTeam,394,1,0,1,0,en,"[TextLink(text='01VPS.net', url='http://01VPS.net', tcourl='https://t.co/zDnDdnRd8U', indices=(84, 107))]","[Photo(previewUrl='https://pbs.twimg.com/media/FiqrEKhWYAQNGTy?format=png&name=small', fullUrl='https://pbs.twimg.com/media/FiqrEKhWYAQNGTy?format=png&name=orig', altText=None)]",,,,,,,,,,
2,2022-11-25 06:39:16+00:00,1596030740487368704,"The https://t.co/zDnDdnRKYs Black Friday Sale is on now!

‚Ä¢ Get double the storage for free!
‚Ä¢ Get up to 5 times the network bandwidth for free!
‚Ä¢ Plus take an additional 25% off with discount code 25OFF! https://t.co/VohsgYrPTV",https://twitter.com/01CoinTeam/status/1596030740487368704,01CoinTeam,394,0,0,0,0,en,"[TextLink(text='01VPS.net', url='http://01VPS.net', tcourl='https://t.co/zDnDdnRKYs', indices=(4, 27))]","[Photo(previewUrl='https://pbs.twimg.com/media/FiY9gCSWAAAHlVx?format=png&name=small', fullUrl='https://pbs.twimg.com/media/FiY9gCSWAAAHlVx?format=png&name=orig', altText=None)]",,,,,,,,,,
3,2022-11-16 06:26:40+00:00,1592766081529167873,"The $ZOC markets and liquidity pools on @xeggex continue to be disabled. We have tried to work with them but they are no longer cooperative, communicative or capable. I can only suspect they have become illiquid. Withdraw all funds from https://t.co/CGEUo8denx immediately.",https://twitter.com/01CoinTeam/status/1592766081529167873,01CoinTeam,394,0,0,1,0,en,"[TextLink(text='xeggex.com', url='http://xeggex.com', tcourl='https://t.co/CGEUo8denx', indices=(237, 260))]",,,,,,"[User(username='xeggex', id=1439826108476624901, displayname='XeggeX', rawDescription=None, renderedDescription=None, descriptionLinks=None, verified=None, created=None, followersCount=None, friendsCount=None, statusesCount=None, favouritesCount=None, listedCount=None, mediaCount=None, location=None, protected=None, link=None, profileImageUrl=None, profileBannerUrl=None, label=None, blue=None, blueType=None)]",,,,['ZOC'],"SummaryCard(title='XeggeX cryptocurrency exchange - Buy and sell cryptocurrencies like Bitcoin, Ethereum, and more on...', url='http://xeggex.com', description=None, thumbnailUrl='https://pbs.twimg.com/card_img/1663696499581255680/zToXtTJB?format=jpg&name=orig', siteUser=User(username='xeggex', id=1439826108476624901, displayname='XeggeX', rawDescription='Official twitter account for https://t.co/gC1IeNMRa6', renderedDescription='Official twitter account for Xeggex.com', descriptionLinks=[TextLink(text='Xeggex.com', url='http://Xeggex.com', tcourl='https://t.co/gC1IeNMRa6', indices=(29, 52))], verified=False, created=datetime.datetime(2021, 9, 20, 5, 38, tzinfo=datetime.timezone.utc), followersCount=8155, friendsCount=13, statusesCount=365, favouritesCount=1, listedCount=11, mediaCount=342, location='', protected=None, link=TextLink(text='xeggex.com', url='https://xeggex.com', tcourl='https://t.co/mJP0Um236O', indices=(0, 23)), profileImageUrl='https://pbs.twimg.com/profile_images/1564235329095204864/DSTnLM3F_normal.jpg', profileBannerUrl='https://pbs.twimg.com/profile_banners/1439826108476624901/1661945044', label=None, blue=False, blueType=None), creatorUser=None)"
4,2022-10-30 16:10:34+00:00,1586752431731474433,Reminder: the https://t.co/zDnDdnRd8U Oktoberfest Sale ends tomorrow. Last chance to get double the #VPS storage space for no extra cost! https://t.co/FHZzCAbArC,https://twitter.com/01CoinTeam/status/1586752431731474433,01CoinTeam,394,0,0,0,0,en,"[TextLink(text='01VPS.net', url='http://01VPS.net', tcourl='https://t.co/zDnDdnRd8U', indices=(14, 37))]","[Photo(previewUrl='https://pbs.twimg.com/media/FgVG7YBWQAAESO1?format=jpg&name=small', fullUrl='https://pbs.twimg.com/media/FgVG7YBWQAAESO1?format=jpg&name=orig', altText=None)]",,,,,,,,['VPS'],,
5,2022-10-18 18:05:26+00:00,1582432684592152578,"At 13:20 UTC today, the $ZOC #blockchain reached 841,536 blocks triggering its ""annual"" 8.33% block reward reduction. Rewards are now 18.35773535 ZOC, divided evenly between #miners and #masternode operators. The next block reward reduction will occur at block 1,051,920.",https://twitter.com/01CoinTeam/status/1582432684592152578,01CoinTeam,394,0,1,7,0,en,,,,,,,,,,"['blockchain', 'miners', 'masternode']",['ZOC'],
6,2022-10-07 19:41:32+00:00,1578470599470743552,We were working on a new #blockchain explorer for the $ZOC #Community yesterday when we noticed this little thing. 1010101 01coin transactions! Seems appropriate. https://t.co/mvdh3IZjBR,https://twitter.com/01CoinTeam/status/1578470599470743552,01CoinTeam,394,0,0,4,0,en,,"[Photo(previewUrl='https://pbs.twimg.com/media/FefapU2X0AQQuhp?format=png&name=small', fullUrl='https://pbs.twimg.com/media/FefapU2X0AQQuhp?format=png&name=orig', altText=None)]",,,,,,,,"['blockchain', 'Community']",['ZOC'],
7,2022-09-16 21:13:05+00:00,1570883493122506752,"New from https://t.co/zDnDdnRd8U!

@ubuntu 22.04 LTS #JammyJellyfish is now available for all #VPS servers! Of course, we continue to offer #Xenial, #Bionic and #Focal for those who prefer older Ubuntu flavours in addition to @debian 11. https://t.co/jM8W8Mp8Sw",https://twitter.com/01CoinTeam/status/1570883493122506752,01CoinTeam,394,0,0,1,0,en,"[TextLink(text='01VPS.net', url='http://01VPS.net', tcourl='https://t.co/zDnDdnRd8U', indices=(9, 32))]","[Photo(previewUrl='https://pbs.twimg.com/media/FczmNnSXkAADy9X?format=jpg&name=small', fullUrl='https://pbs.twimg.com/media/FczmNnSXkAADy9X?format=jpg&name=orig', altText=None)]",,,,,"[User(username='ubuntu', id=2480951, displayname='Ubuntu', rawDescription=None, renderedDescription=None, descriptionLinks=None, verified=None, created=None, followersCount=None, friendsCount=None, statusesCount=None, favouritesCount=None, listedCount=None, mediaCount=None, location=None, protected=None, link=None, profileImageUrl=None, profileBannerUrl=None, label=None, blue=None, blueType=None), User(username='debian', id=24253645, displayname='The Debian Project', rawDescription=None, renderedDescription=None, descriptionLinks=None, verified=None, created=None, followersCount=None, friendsCount=None, statusesCount=None, favouritesCount=None, listedCount=None, mediaCount=None, location=None, protected=None, link=None, profileImageUrl=None, profileBannerUrl=None, label=None, blue=None, blueType=None)]",,,"['JammyJellyfish', 'VPS', 'Xenial', 'Bionic', 'Focal']",,
8,2022-09-15 19:30:05+00:00,1570495185733263367,"01coin has been added to @Blockspot_io, a new &amp; feature-rich #crypto market monitoring tool like @CoinMarketCap. What's more, 01coin earned https://t.co/N2J2FUqykM's Verified Badge, a reflection of the ongoing activity and transparency of our #community.

https://t.co/sXub7swgFl https://t.co/nyTMGPOYdp",https://twitter.com/01CoinTeam/status/1570495185733263367,01CoinTeam,394,0,0,3,0,en,"[TextLink(text='blockspot.io', url='http://blockspot.io', tcourl='https://t.co/N2J2FUqykM', indices=(144, 167)), TextLink(text='blockspot.io/coin/01coin/', url='https://blockspot.io/coin/01coin/', tcourl='https://t.co/sXub7swgFl', indices=(260, 283))]","[Photo(previewUrl='https://pbs.twimg.com/media/FcuFDJ9WIAYdbAq?format=png&name=small', fullUrl='https://pbs.twimg.com/media/FcuFDJ9WIAYdbAq?format=png&name=orig', altText=None)]",,,,,"[User(username='Blockspot_io', id=970265206994685953, displayname='Blockspot.io', rawDescription=None, renderedDescription=None, descriptionLinks=None, verified=None, created=None, followersCount=None, friendsCount=None, statusesCount=None, favouritesCount=None, listedCount=None, mediaCount=None, location=None, protected=None, link=None, profileImageUrl=None, profileBannerUrl=None, label=None, blue=None, blueType=None), User(username='CoinMarketCap', id=2260491445, displayname='CoinMarketCap', rawDescription=None, renderedDescription=None, descriptionLinks=None, verified=None, created=None, followersCount=None, friendsCount=None, statusesCount=None, favouritesCount=None, listedCount=None, mediaCount=None, location=None, protected=None, link=None, profileImageUrl=None, profileBannerUrl=None, label=None, blue=None, blueType=None)]",,,"['crypto', 'community']",,
9,2022-03-10 18:11:21+00:00,1501984064965955592,"@alfahydra1 Close your client, go into your data directory, backup your current wallet.dat, and then copy your wallet backup into it and rename it wallet.dat, then reopen your client.",https://twitter.com/01CoinTeam/status/1501984064965955592,01CoinTeam,394,0,0,0,0,en,,,,,1.50198098312994e+18,https://twitter.com/alihaiderAHK,,,,,,
10,2022-03-10 17:00:35+00:00,1501966255175061535,01coin Project Update and A.M.A. https://t.co/HwXsCdRfbv,https://twitter.com/01CoinTeam/status/1501966255175061535,01CoinTeam,394,1,2,3,1,en,"[TextLink(text='twitter.com/i/broadcasts/1‚Ä¶', url='https://twitter.com/i/broadcasts/1MYxNnLZvpQxw', tcourl='https://t.co/HwXsCdRfbv', indices=(33, 56))]",,,,,,,,,,,"BroadcastCard(id='1MYxNnLZvpQxw', url='https://twitter.com/i/broadcasts/1MYxNnLZvpQxw', title='01coin Project Update and A.M.A.', state='ENDED', broadcaster=User(username='01CoinTeam', id=977592464327544832, displayname='01coin Community', rawDescription='', renderedDescription='', descriptionLinks=None, verified=False, created=datetime.datetime(2018, 3, 24, 17, 6, 21, tzinfo=datetime.timezone.utc), followersCount=394, friendsCount=46, statusesCount=385, favouritesCount=146, listedCount=8, mediaCount=176, location='', protected=None, link=None, profileImageUrl='https://pbs.twimg.com/profile_images/991072392947499008/F1nTlw9I_normal.jpg', profileBannerUrl='https://pbs.twimg.com/profile_banners/977592464327544832/1525177723', label=None, blue=False, blueType=None), thumbnailUrl=None, source='producer', siteUser=User(username='01CoinTeam', id=977592464327544832, displayname='01coin Community', rawDescription='', renderedDescription='', descriptionLinks=None, verified=False, created=datetime.datetime(2018, 3, 24, 17, 6, 21, tzinfo=datetime.timezone.utc), followersCount=394, friendsCount=46, statusesCount=385, favouritesCount=146, listedCount=8, mediaCount=176, location='', protected=None, link=None, profileImageUrl='https://pbs.twimg.com/profile_images/991072392947499008/F1nTlw9I_normal.jpg', profileBannerUrl='https://pbs.twimg.com/profile_banners/977592464327544832/1525177723', label=None, blue=False, blueType=None))"
11,2023-06-02 12:25:51+00:00,1664609267842793473,"6/6: With Z√ºs Network's decentralized storage solution, you can comply with GDPR's data protection laws with ease. Check out these demo versions of apps on our website and take the first step towards GDPR compliance.",https://twitter.com/zus_network/status/1664609267842793473,zus_network,28530,1,0,7,0,en,,,,,1.6646092660098744e+18,https://twitter.com/zus_network,,,,,,
12,2023-06-02 12:25:50+00:00,1664609266009874434,"5/6: Z√ºs Network's solution also provides a transparent and auditable record of consent, making it easy for organizations to manage consent in a secure and auditable manner. This ensures compliance with GDPR's consent management requirements.",https://twitter.com/zus_network/status/1664609266009874434,zus_network,28530,1,0,7,0,en,,,,,1.6646092642524652e+18,https://twitter.com/zus_network,,,,,,
13,2023-06-02 12:25:50+00:00,1664609264252465153,4/6: Z√ºs Network's decentralized storage solution makes it easy for individuals to access their personal data and get regular privacy reports for their data storage.,https://twitter.com/zus_network/status/1664609264252465153,zus_network,28530,1,0,5,0,en,,,,,1.66460926211337e+18,https://twitter.com/zus_network,,,,,,
14,2023-06-02 12:25:49+00:00,1664609262113370120,"3/6: Z√ºs Network's storage solution is built on blockchain technology, which provides a secure and tamper-proof way of storing and accessing data. This makes it easy for organizations to maintain transparent and immutable records of data processing activities, as required by GDPR",https://twitter.com/zus_network/status/1664609262113370120,zus_network,28530,1,0,5,0,en,,,,,1.664609260267774e+18,https://twitter.com/zus_network,,,,,,
15,2023-06-02 12:25:49+00:00,1664609260267773955,"2/6: Z√ºs Network's decentralized storage solution ensures that data is encrypted and distributed across the network, eliminating the risk of a single point of failure. This enhances the security of your personal data and ensures compliance with GDPR's data security regulations.",https://twitter.com/zus_network/status/1664609260267773955,zus_network,28530,1,1,5,0,en,,,,,1.6646092585355182e+18,https://twitter.com/zus_network,,,,,,
16,2023-06-02 12:25:48+00:00,1664609258535518211,1/6: Struggling to comply with GDPR's strict data protection laws? Z√ºs Network can help you meet your compliance requirements with ease.,https://twitter.com/zus_network/status/1664609258535518211,zus_network,28530,1,1,6,0,en,,,,,1.6646092556834406e+18,https://twitter.com/zus_network,,,,,,
17,2023-06-02 12:25:48+00:00,1664609255683440641,"Thread on GDPR Compliance with Z√ºs Network (1/6) üëá

Discover how Z√ºs can help you meet data protection requirements. Let's dive into the details:

#ZusNetwork #GDPR #DataProtection #BlockchainStorage https://t.co/nifxZQorNU",https://twitter.com/zus_network/status/1664609255683440641,zus_network,28530,1,8,23,0,en,,"[Photo(previewUrl='https://pbs.twimg.com/media/FxnhLhCWYAInIkj?format=jpg&name=small', fullUrl='https://pbs.twimg.com/media/FxnhLhCWYAInIkj?format=jpg&name=orig', altText=None)]",,,,,,,,"['ZusNetwork', 'GDPR', 'DataProtection', 'BlockchainStorage']",,
18,2023-05-31 22:00:54+00:00,1664029208664834052,"The Z√ºs Weekly Debrief (May 31, 2023) is here!

To learn more: https://t.co/NFmErpMJDT",https://twitter.com/zus_network/status/1664029208664834052,zus_network,28530,0,4,13,0,en,"[TextLink(text='medium.com/0chain/z%C3%BC‚Ä¶', url='https://medium.com/0chain/z%C3%BCs-weekly-debrief-may-31-2023-3402cb825aff', tcourl='https://t.co/NFmErpMJDT', indices=(63, 86))]",,,,,,,,,,,"SummaryCard(title='Z√ºs Weekly Debrief May 31, 2023', url='https://medium.com/0chain/z%C3%BCs-weekly-debrief-may-31-2023-3402cb825aff', description='Cloud Cover AMA:', thumbnailUrl='https://pbs.twimg.com/card_img/1664029124371918848/xC6ATh-H?format=jpg&name=orig', siteUser=User(username='zus_network', id=941836825764569088, displayname='Z√ºs', rawDescription='Z√ºs (formerly 0Chain) is the most private cloud. Build your privacy solution. Store for total protection. $ZCN \n\n#dStorage #privacy #decentralized #cloud #web3', renderedDescription='Z√ºs (formerly 0Chain) is the most private cloud. Build your privacy solution. Store for total protection. $ZCN \n\n#dStorage #privacy #decentralized #cloud #web3', descriptionLinks=None, verified=False, created=datetime.datetime(2017, 12, 16, 1, 6, 12, tzinfo=datetime.timezone.utc), followersCount=28530, friendsCount=37, statusesCount=1347, favouritesCount=1892, listedCount=143, mediaCount=249, location='San Francisco, CA', protected=None, link=TextLink(text='zus.network', url='https://zus.network', tcourl='https://t.co/NpYbf5fAZI', indices=(0, 23)), profileImageUrl='https://pbs.twimg.com/profile_images/1593288311002476544/n4giN1di_normal.jpg', profileBannerUrl='https://pbs.twimg.com/profile_banners/941836825764569088/1676471448', label=None, blue=True, blueType=None), creatorUser=None)"
19,2023-05-31 19:23:52+00:00,1663989690226057220,"Exciting read on decentralized storage and a nice comparison table! The @hackernoon article dives into the transformative potential of projects like #Z√ºs, #Storj, #Filecoin, #Arweave, and #Sia. Check it out and explore the future of data storage!
https://t.co/0KTG5Eze30

#decentralized #web3 #decentralizedstorage #blockchainstorage",https://twitter.com/zus_network/status/1663989690226057220,zus_network,28530,4,14,40,0,en,"[TextLink(text='hackernoon.com/will-decentral‚Ä¶', url='https://hackernoon.com/will-decentralized-storage-challenge-mainstream-solutions', tcourl='https://t.co/0KTG5Eze30', indices=(247, 270))]",,,,,,"[User(username='hackernoon', id=716348353915686912, displayname='HackerNoon | Learn Any Technology', rawDescription=None, renderedDescription=None, descriptionLinks=None, verified=None, created=None, followersCount=None, friendsCount=None, statusesCount=None, favouritesCount=None, listedCount=None, mediaCount=None, location=None, protected=None, link=None, profileImageUrl=None, profileBannerUrl=None, label=None, blue=None, blueType=None)]",,,"['Z√ºs', 'Storj', 'Filecoin', 'Arweave', 'Sia', 'decentralized', 'web3', 'decentralizedstorage', 'blockchainstorage']",,"SummaryCard(title='Will Decentralized Storage Challenge Mainstream Solutions? | HackerNoon', url='https://t.co/8LomxxDcjn', description='The evolution of decentralized storage has given consumers and businesses ownership of their data while also lowering security concerns and privacy risks.', thumbnailUrl='https://pbs.twimg.com/card_img/1663145676941787139/ZUZWzJxh?format=jpg&name=orig', siteUser=User(username='hackernoon', id=716348353915686912, displayname='HackerNoon | Learn Any Technology', rawDescription='how hackers start their afternoons. where 25k+ tech pros publish stories & expertise for 4M+ monthly readers. have a dope story? üëâhttps://t.co/u4v2tJjWpz', renderedDescription='how hackers start their afternoons. where 25k+ tech pros publish stories & expertise for 4M+ monthly readers. have a dope story? üëâpublish.hackernoon.com', descriptionLinks=[TextLink(text='publish.hackernoon.com', url='http://publish.hackernoon.com', tcourl='https://t.co/u4v2tJjWpz', indices=(130, 153))], verified=False, created=datetime.datetime(2016, 4, 2, 19, 35, 31, tzinfo=datetime.timezone.utc), followersCount=88340, friendsCount=3078, statusesCount=117120, favouritesCount=5876, listedCount=1792, mediaCount=7378, location='Colorado, USA', protected=None, link=TextLink(text='hackernoon.com', url='http://hackernoon.com', tcourl='https://t.co/OMafF3FrDx', indices=(0, 23)), profileImageUrl='https://pbs.twimg.com/profile_images/1539323764160139272/6kD7o16d_normal.jpg', profileBannerUrl='https://pbs.twimg.com/profile_banners/716348353915686912/1645112469', label=None, blue=True, blueType='Business'), creatorUser=None)"
20,2023-05-29 23:30:48+00:00,1663327057353293832,"Join us on Youtube Live for our Cloud Cover AMA (Ecclesia #16) with Saswata Basu, Founder and CEO of Z√ºs, as he walks through the future of the platform and decentralized storage on Thu, June 1st at 9 am PST.
https://t.co/TB0DZKntkM

#web3 #decentralized https://t.co/FEd7EkcmPD",https://twitter.com/zus_network/status/1663327057353293832,zus_network,28530,1,4,14,0,en,"[TextLink(text='youtube.com/live/tbAmrMsK_‚Ä¶', url='https://youtube.com/live/tbAmrMsK_jI', tcourl='https://t.co/TB0DZKntkM', indices=(209, 232))]","[Photo(previewUrl='https://pbs.twimg.com/media/FxVTExBXwAICTVD?format=jpg&name=small', fullUrl='https://pbs.twimg.com/media/FxVTExBXwAICTVD?format=jpg&name=orig', altText=None)]",,,,,,,,"['web3', 'decentralized']",,
21,2023-05-24 23:00:08+00:00,1661507402196287489,"The Z√ºs Weekly Debrief (May 24, 2023) is here!

To learn more: https://t.co/lyEEMDOBRx",https://twitter.com/zus_network/status/1661507402196287489,zus_network,28530,1,4,16,0,en,"[TextLink(text='medium.com/0chain/split-k‚Ä¶', url='https://medium.com/0chain/split-key-technology-z%C3%BCs-weekly-debrief-may-24-2023-b804143de688', tcourl='https://t.co/lyEEMDOBRx', indices=(63, 86))]",,,,,,,,,,,"SummaryCard(title='Split-Key Technology | Z√ºs Weekly Debrief May 24, 2023', url='https://medium.com/0chain/split-key-technology-z%C3%BCs-weekly-debrief-may-24-2023-b804143de688', description='Happy Wednesday! This blog post will explore how Z√ºs‚Äô split-key technology works and why it is an optimal solution for protecting their‚Ä¶', thumbnailUrl='https://pbs.twimg.com/card_img/1664044449121579008/dKZ26coY?format=jpg&name=orig', siteUser=User(username='zus_network', id=941836825764569088, displayname='Z√ºs', rawDescription='Z√ºs (formerly 0Chain) is the most private cloud. Build your privacy solution. Store for total protection. $ZCN \n\n#dStorage #privacy #decentralized #cloud #web3', renderedDescription='Z√ºs (formerly 0Chain) is the most private cloud. Build your privacy solution. Store for total protection. $ZCN \n\n#dStorage #privacy #decentralized #cloud #web3', descriptionLinks=None, verified=False, created=datetime.datetime(2017, 12, 16, 1, 6, 12, tzinfo=datetime.timezone.utc), followersCount=28530, friendsCount=37, statusesCount=1347, favouritesCount=1892, listedCount=143, mediaCount=249, location='San Francisco, CA', protected=None, link=TextLink(text='zus.network', url='https://zus.network', tcourl='https://t.co/NpYbf5fAZI', indices=(0, 23)), profileImageUrl='https://pbs.twimg.com/profile_images/1593288311002476544/n4giN1di_normal.jpg', profileBannerUrl='https://pbs.twimg.com/profile_banners/941836825764569088/1676471448', label=None, blue=True, blueType=None), creatorUser=None)"
22,2023-06-03 13:10:11+00:00,1664982812716408833,"If you have any questions, please feel free to ask them in the 0VIX Discord:

https://t.co/oom7ufHNc6

5/5",https://twitter.com/0vixProtocol/status/1664982812716408833,0vixProtocol,15862,0,0,1,0,en,"[TextLink(text='discord.gg/0vix', url='http://discord.gg/0vix', tcourl='https://t.co/oom7ufHNc6', indices=(78, 101))]",,,,1.6649828100949606e+18,https://twitter.com/0vixProtocol,,,,,,"SummaryCard(title='Discord - A New Way to Chat with Friends & Communities', url='http://discord.gg/0vix', description='Discord is the easiest way to communicate over voice, video, and text. Chat, hang out, and stay close with your friends and communities.', thumbnailUrl=None, siteUser=User(username='discord', id=3065618342, displayname='Discord', rawDescription='Discord is the easiest way to talk over voice, video, and text. For account issues and support: @discord_support', renderedDescription='Discord is the easiest way to talk over voice, video, and text. For account issues and support: @discord_support', descriptionLinks=None, verified=False, created=datetime.datetime(2015, 3, 7, 1, 0, 18, tzinfo=datetime.timezone.utc), followersCount=4611390, friendsCount=1110, statusesCount=489922, favouritesCount=29480, listedCount=4504, mediaCount=26509, location='San Francisco, CA', protected=None, link=TextLink(text='discord.com', url='https://discord.com/', tcourl='https://t.co/EWXh7hERbq', indices=(0, 23)), profileImageUrl='https://pbs.twimg.com/profile_images/1605995588297773056/E9xyyqqA_normal.jpg', profileBannerUrl='https://pbs.twimg.com/profile_banners/3065618342/1620918020', label=None, blue=True, blueType='Business'), creatorUser=User(username='discord', id=3065618342, displayname='Discord', rawDescription='Discord is the easiest way to talk over voice, video, and text. For account issues and support: @discord_support', renderedDescription='Discord is the easiest way to talk over voice, video, and text. For account issues and support: @discord_support', descriptionLinks=None, verified=False, created=datetime.datetime(2015, 3, 7, 1, 0, 18, tzinfo=datetime.timezone.utc), followersCount=4611390, friendsCount=1110, statusesCount=489922, favouritesCount=29480, listedCount=4504, mediaCount=26509, location='San Francisco, CA', protected=None, link=TextLink(text='discord.com', url='https://discord.com/', tcourl='https://t.co/EWXh7hERbq', indices=(0, 23)), profileImageUrl='https://pbs.twimg.com/profile_images/1605995588297773056/E9xyyqqA_normal.jpg', profileBannerUrl='https://pbs.twimg.com/profile_banners/3065618342/1620918020', label=None, blue=True, blueType='Business'))"
23,2023-06-03 13:10:10+00:00,1664982810094960640,"üó∫Ô∏è Learn more about @PaulygonNFT‚Äôs Quests here:

https://t.co/CxEi7JMtrL

Quests are planned to run until June 16th (if you supplied on 0VIX on zkEVM before May 29th, you might not be qualified for the skin and need to re-supply).

4/5",https://twitter.com/0vixProtocol/status/1664982810094960640,0vixProtocol,15862,1,0,2,0,en,"[TextLink(text='twitter.com/PaulygonNFT/st‚Ä¶', url='https://twitter.com/PaulygonNFT/status/1664610785220259841?s=20', tcourl='https://t.co/CxEi7JMtrL', indices=(49, 72))]",,,https://twitter.com/PaulygonNFT/status/1664610785220259841,1.664982808371032e+18,https://twitter.com/0vixProtocol,"[User(username='PaulygonNFT', id=1639071974495522817, displayname='Paulygon (NO, WL)', rawDescription=None, renderedDescription=None, descriptionLinks=None, verified=None, created=None, followersCount=None, friendsCount=None, statusesCount=None, favouritesCount=None, listedCount=None, mediaCount=None, location=None, protected=None, link=None, profileImageUrl=None, profileBannerUrl=None, label=None, blue=None, blueType=None)]",,,,,
24,2023-06-03 13:10:10+00:00,1664982808371032066,"ü™Ç Here is another reason to get yourself a custom Pauly with the 0VIX #zkEVM Quest:

https://t.co/llHDvHTdMj

#ProbablyNothing

3/5",https://twitter.com/0vixProtocol/status/1664982808371032066,0vixProtocol,15862,1,0,2,0,en,"[TextLink(text='twitter.com/PolygonDaily/s‚Ä¶', url='https://twitter.com/PolygonDaily/status/1660995191178682370?s=20', tcourl='https://t.co/llHDvHTdMj', indices=(85, 108))]",,,https://twitter.com/PolygonDaily/status/1660995191178682370,1.6649828063241912e+18,https://twitter.com/0vixProtocol,,,,"['zkEVM', 'ProbablyNothing']",,
25,2023-06-03 13:10:09+00:00,1664982806324191233,"How to check if you‚Äôll get the Pauly-0VIX drip?

After supplying $100 of $MATIC, $USDT, $USDC or $ETH on #zkEVM (https://t.co/JuYxjMWJOG), connect your wallet to Paulygon‚Äôs site (no TXs to sign) to check quest completion.

Allow 24 hours for quest completion to be reflected.

2/5 https://t.co/liY0GahQAQ",https://twitter.com/0vixProtocol/status/1664982806324191233,0vixProtocol,15862,1,0,3,0,en,"[TextLink(text='app.0vix.com', url='https://app.0vix.com/', tcourl='https://t.co/JuYxjMWJOG', indices=(113, 136))]","[Photo(previewUrl='https://pbs.twimg.com/media/Fxs0VlWWwAAxo9w?format=jpg&name=small', fullUrl='https://pbs.twimg.com/media/Fxs0VlWWwAAxo9w?format=jpg&name=orig', altText=None)]",,,1.6649828042355302e+18,https://twitter.com/0vixProtocol,,,,['zkEVM'],"['MATIC', 'USDT', 'USDC', 'ETH']",
26,2023-06-03 13:10:09+00:00,1664982804235530240,"üíú 0VIX x @PaulygonNFT Quest on @0xPolygon #zkEVM is LIVE üíú

üåä Get an insanely cool #0VIX skin, earn yield &amp; qualify for a potential #Polygon zkEVM airdrop

Participating is simple: Supply $100 of any asset on 0VIX on Polygon #zkEVM

üëâ Learn more: https://t.co/B4AyqTNMbw

1/5 https://t.co/IYO0eQEPN6",https://twitter.com/0vixProtocol/status/1664982804235530240,0vixProtocol,15862,6,8,40,0,en,"[TextLink(text='paulygon.io', url='https://paulygon.io/', tcourl='https://t.co/B4AyqTNMbw', indices=(251, 274))]","[Photo(previewUrl='https://pbs.twimg.com/media/Fxsz64lWAAI0R-7?format=jpg&name=small', fullUrl='https://pbs.twimg.com/media/Fxsz64lWAAI0R-7?format=jpg&name=orig', altText=None)]",,,,,"[User(username='PaulygonNFT', id=1639071974495522817, displayname='Paulygon (NO, WL)', rawDescription=None, renderedDescription=None, descriptionLinks=None, verified=None, created=None, followersCount=None, friendsCount=None, statusesCount=None, favouritesCount=None, listedCount=None, mediaCount=None, location=None, protected=None, link=None, profileImageUrl=None, profileBannerUrl=None, label=None, blue=None, blueType=None), User(username='0xPolygon', id=1290205144815108099, displayname='Polygon', rawDescription=None, renderedDescription=None, descriptionLinks=None, verified=None, created=None, followersCount=None, friendsCount=None, statusesCount=None, favouritesCount=None, listedCount=None, mediaCount=None, location=None, protected=None, link=None, profileImageUrl=None, profileBannerUrl=None, label=None, blue=None, blueType=None)]",,,"['zkEVM', '0VIX', 'Polygon', 'zkEVM']",,
27,2023-06-02 17:46:20+00:00,1664689921515311118,"üëÄ 0VIX x @PaulygonNFT, the hottest upcoming Quest-based #NFT launch #onPolygon

Special Pauly-drip for 0VIX users on @0xPolygon #zkEVM.

ü§´ All while qualifying for a potential #Polygon zkEVM #Airdrop 

Probably nothing üåä",https://twitter.com/0vixProtocol/status/1664689921515311118,0vixProtocol,15862,12,15,33,2,en,,,,https://twitter.com/PaulygonNFT/status/1664610785220259841,,,"[User(username='PaulygonNFT', id=1639071974495522817, displayname='Paulygon (NO, WL)', rawDescription=None, renderedDescription=None, descriptionLinks=None, verified=None, created=None, followersCount=None, friendsCount=None, statusesCount=None, favouritesCount=None, listedCount=None, mediaCount=None, location=None, protected=None, link=None, profileImageUrl=None, profileBannerUrl=None, label=None, blue=None, blueType=None), User(username='0xPolygon', id=1290205144815108099, displayname='Polygon', rawDescription=None, renderedDescription=None, descriptionLinks=None, verified=None, created=None, followersCount=None, friendsCount=None, statusesCount=None, favouritesCount=None, listedCount=None, mediaCount=None, location=None, protected=None, link=None, profileImageUrl=None, profileBannerUrl=None, label=None, blue=None, blueType=None)]",,,"['NFT', 'onPolygon', 'zkEVM', 'Polygon', 'Airdrop']",,
28,2023-05-30 14:52:01+00:00,1663558888799744001,"0IP-21 on the Distribution of recuperated GHST funds is now Live.

The core objective of 0IP-21 is to vote on an option for a fair redistribution of recuperated GHST funds to users affected by the 0VIX exploit.

The 0VIX Protocol aims to allocate the recuperated liquidity in a manner that promotes fairness, accessibility, and the long-term sustainability of the affected markets. This redistribution will be the cornerstone on which the reopening of future protocol operations will rest.

Next steps to follow this proposal:

-0VIX will suggest a proposal to @aavegotchi on how to return the GHST that was sent to their treasury (through no fault of their own).

-0VIX will share a draft of the proposal to Restart 0VIX on Polygon PoS with the 0VIX community.

-0VIX will implement advanced security measures prior to restarting 0VIX on Polygon PoS including:

1. Real-time protection via an integration with @hexagate_  that detects and mitigates exploits.

2. Upgraded protocol risk parameters that mitigate toxic liquidation spirals and therefore bad debt.

Please find more details in the link below:
https://t.co/BOl6tGEn6h

To vote, please connect the wallet you used to interact with 0VIX containing pre-mined VIX.",https://twitter.com/0vixProtocol/status/1663558888799744001,0vixProtocol,15862,2,8,22,1,en,"[TextLink(text='vote.0vix.com/#/proposal/0x7‚Ä¶', url='https://vote.0vix.com/#/proposal/0x7f8f6ce23115e8a009327b9010caf7e6b809617691281f05ee0afc874143b8c3', tcourl='https://t.co/BOl6tGEn6h', indices=(1107, 1130))]",,,,,,"[User(username='aavegotchi', id=1280538599557984256, displayname='Aavegotchi üëª üíú', rawDescription=None, renderedDescription=None, descriptionLinks=None, verified=None, created=None, followersCount=None, friendsCount=None, statusesCount=None, favouritesCount=None, listedCount=None, mediaCount=None, location=None, protected=None, link=None, profileImageUrl=None, profileBannerUrl=None, label=None, blue=None, blueType=None), User(username='hexagate_', id=1544385947156058112, displayname='Hexagate', rawDescription=None, renderedDescription=None, descriptionLinks=None, verified=None, created=None, followersCount=None, friendsCount=None, statusesCount=None, favouritesCount=None, listedCount=None, mediaCount=None, location=None, protected=None, link=None, profileImageUrl=None, profileBannerUrl=None, label=None, blue=None, blueType=None)]",,,,,
29,2023-05-26 14:31:18+00:00,1662104125780250624,"Step 4: Approve the asset(s) and supply liquidity. That's it!

If you have any other questions, please always feel free to join the 0VIX Discord and ask them there: https://t.co/wDHJXGaebU

18/18",https://twitter.com/0vixProtocol/status/1662104125780250624,0vixProtocol,15862,0,3,6,0,en,"[TextLink(text='discord.gg/Q8GZQ6HhKs', url='https://discord.gg/Q8GZQ6HhKs', tcourl='https://t.co/wDHJXGaebU', indices=(165, 188))]",,,,1.6621041240311357e+18,https://twitter.com/0vixProtocol,,,,,,"SummaryCard(title='Discord - A New Way to Chat with Friends & Communities', url='https://discord.gg/Q8GZQ6HhKs', description='Discord is the easiest way to communicate over voice, video, and text. Chat, hang out, and stay close with your friends and communities.', thumbnailUrl=None, siteUser=User(username='discord', id=3065618342, displayname='Discord', rawDescription='Discord is the easiest way to talk over voice, video, and text. For account issues and support: @discord_support', renderedDescription='Discord is the easiest way to talk over voice, video, and text. For account issues and support: @discord_support', descriptionLinks=None, verified=False, created=datetime.datetime(2015, 3, 7, 1, 0, 18, tzinfo=datetime.timezone.utc), followersCount=4611390, friendsCount=1110, statusesCount=489922, favouritesCount=29480, listedCount=4504, mediaCount=26509, location='San Francisco, CA', protected=None, link=TextLink(text='discord.com', url='https://discord.com/', tcourl='https://t.co/EWXh7hERbq', indices=(0, 23)), profileImageUrl='https://pbs.twimg.com/profile_images/1605995588297773056/E9xyyqqA_normal.jpg', profileBannerUrl='https://pbs.twimg.com/profile_banners/3065618342/1620918020', label=None, blue=True, blueType='Business'), creatorUser=User(username='discord', id=3065618342, displayname='Discord', rawDescription='Discord is the easiest way to talk over voice, video, and text. For account issues and support: @discord_support', renderedDescription='Discord is the easiest way to talk over voice, video, and text. For account issues and support: @discord_support', descriptionLinks=None, verified=False, created=datetime.datetime(2015, 3, 7, 1, 0, 18, tzinfo=datetime.timezone.utc), followersCount=4611390, friendsCount=1110, statusesCount=489922, favouritesCount=29480, listedCount=4504, mediaCount=26509, location='San Francisco, CA', protected=None, link=TextLink(text='discord.com', url='https://discord.com/', tcourl='https://t.co/EWXh7hERbq', indices=(0, 23)), profileImageUrl='https://pbs.twimg.com/profile_images/1605995588297773056/E9xyyqqA_normal.jpg', profileBannerUrl='https://pbs.twimg.com/profile_banners/3065618342/1620918020', label=None, blue=True, blueType='Business'))"
30,2023-05-26 14:31:18+00:00,1662104124031135746,"Step 3: Click on ‚ÄúFull Range‚Äù in the bottom right corner or select specific ""Min"" and ""Max Price"" parameters and select the amount of liquidity you‚Äôd like to provide.

Learn more in the article on ""How to provide liquidity on Uniswap V3"" here: https://t.co/fM9YkE5uqn

17/18 https://t.co/XPQ9l8xJ1C",https://twitter.com/0vixProtocol/status/1662104124031135746,0vixProtocol,15862,1,2,9,0,en,"[TextLink(text='support.uniswap.org/hc/en-us/artic‚Ä¶', url='https://support.uniswap.org/hc/en-us/articles/7423194619661-How-to-provide-liquidity-on-Uniswap-V3', tcourl='https://t.co/fM9YkE5uqn', indices=(244, 267))]","[Photo(previewUrl='https://pbs.twimg.com/media/FxDdI9UX0AAaxP3?format=png&name=small', fullUrl='https://pbs.twimg.com/media/FxDdI9UX0AAaxP3?format=png&name=orig', altText=None)]",,,1.6621041224540774e+18,https://twitter.com/0vixProtocol,,,,,,
31,2023-05-26 14:31:17+00:00,1662104122454077442,"Step 2: Choose the desired assets.

In this example, we will go for the MATIC/oMATIC pair. Get the oMATIC contract from the 0VIX Docs to add the token: https://t.co/6VPkegx9P6.

16/18 https://t.co/CUXEBsA9NP",https://twitter.com/0vixProtocol/status/1662104122454077442,0vixProtocol,15862,1,0,7,0,en,"[TextLink(text='docs.0vix.com/developers/con‚Ä¶', url='https://docs.0vix.com/developers/contract-addresses/mainnet', tcourl='https://t.co/6VPkegx9P6', indices=(152, 175))]","[Photo(previewUrl='https://pbs.twimg.com/media/FxDdGrbX0AAod3C?format=png&name=small', fullUrl='https://pbs.twimg.com/media/FxDdGrbX0AAod3C?format=png&name=orig', altText=None)]",,,1.6621041209692897e+18,https://twitter.com/0vixProtocol,,,,,,
32,2023-05-26 14:31:16+00:00,1662104118721236994,"Afterwards, input the amounts and, if there is liquidity, you will be able to execute a swap as you normally would execute one on Uniswap.

In this instance of MATIC/oMATIC, there is no liquidity that has been provided by users.

14/18 https://t.co/0pjkE26IZK",https://twitter.com/0vixProtocol/status/1662104118721236994,0vixProtocol,15862,2,0,4,0,en,,"[Photo(previewUrl='https://pbs.twimg.com/media/FxDdB08WIAY_hCg?format=png&name=small', fullUrl='https://pbs.twimg.com/media/FxDdB08WIAY_hCg?format=png&name=orig', altText=None)]",,,1.6621041172532224e+18,https://twitter.com/0vixProtocol,,,,,,
33,2023-05-11 21:48:45+00:00,1656778396914061312,"5/ Read the full lifecycle and the active discussion around it here: https://t.co/YtfEsTev44

Join the community and let's discover how we can grow the 0x Protocol ecosystem together.

See you in our community forums üëá
üìù https://t.co/1xqZTuXHRZ
üí¨ https://t.co/GLFa7VSss1",https://twitter.com/zeroexprotocol/status/1656778396914061312,zeroexprotocol,544,0,0,7,0,en,"[TextLink(text='forum.0xprotocol.org/t/governance-0‚Ä¶', url='https://forum.0xprotocol.org/t/governance-0x-protocol-treasury-grants-lifecycle/3582', tcourl='https://t.co/YtfEsTev44', indices=(69, 92)), TextLink(text='forum.0xProtocol.org', url='http://forum.0xProtocol.org', tcourl='https://t.co/1xqZTuXHRZ', indices=(221, 244)), TextLink(text='discord.com/invite/officia‚Ä¶', url='http://discord.com/invite/official0x', tcourl='https://t.co/GLFa7VSss1', indices=(247, 270))]",,,,1.656778395609604e+18,https://twitter.com/zeroexprotocol,,,,,,
34,2023-05-11 21:48:45+00:00,1656778395609604097,"4/ No need to reinvent the wheel.

1. Governance Forum post @ https://t.co/1xqZTuXHRZ
2. Temperature Check @ https://t.co/NyX6kRs6vy
3. On-chain Proposal @ https://t.co/SdY2qyXr6V

A modified scoring rubric from @optimismFND Grant Council is provided to help assess proposals.",https://twitter.com/zeroexprotocol/status/1656778395609604097,zeroexprotocol,544,1,1,8,0,en,"[TextLink(text='forum.0xProtocol.org', url='http://forum.0xProtocol.org', tcourl='https://t.co/1xqZTuXHRZ', indices=(62, 85)), TextLink(text='snapshot.org/#/0xgov.eth', url='http://snapshot.org/#/0xgov.eth', tcourl='https://t.co/NyX6kRs6vy', indices=(109, 132)), TextLink(text='governance.0xProtocol.org', url='http://governance.0xProtocol.org', tcourl='https://t.co/SdY2qyXr6V', indices=(156, 179))]",,,,1.656778394519085e+18,https://twitter.com/zeroexprotocol,"[User(username='optimismFND', id=1044836083530452992, displayname='Optimism (‚ú®üî¥_üî¥‚ú®)', rawDescription=None, renderedDescription=None, descriptionLinks=None, verified=None, created=None, followersCount=None, friendsCount=None, statusesCount=None, favouritesCount=None, listedCount=None, mediaCount=None, location=None, protected=None, link=None, profileImageUrl=None, profileBannerUrl=None, label=None, blue=None, blueType=None)]",,,,,
35,2023-05-11 21:48:45+00:00,1656778394519085057,"3/ 0xEVE showed that grants can be one use amongst many of the treasury, to help grow the 0x Protocol ecosystem.

Using the lessons learned from 0xEVE and others in the ecosystem, the community is updating the full lifecycle of a 0x Protocol Grant.",https://twitter.com/zeroexprotocol/status/1656778394519085057,zeroexprotocol,544,1,0,6,0,en,,,,,1.6567783933278986e+18,https://twitter.com/zeroexprotocol,,,,,,
36,2023-05-11 21:48:45+00:00,1656778393327898625,"2/ Over the past 2 years, the community has voted to distribute ~$2.5M in grants to ~20 teams that have helped expand the 0x Protocol ecosystem.

ü§ù Special shoutout to the 0x Ecosystem Value Experiment (0xEVE) team who spearheaded most of these grants.",https://twitter.com/zeroexprotocol/status/1656778393327898625,zeroexprotocol,544,1,0,8,0,en,,,,,1.6567783915075953e+18,https://twitter.com/zeroexprotocol,,,,,,
37,2023-05-11 21:48:44+00:00,1656778391507595264,"1/ üßµ 0x Protocol Treasury and Updated Grants

0x Protocol Treasury was launched in April 2021 and has received funding from @0xProject, @0xPolygon, @CeloOrg, and @arbitrum. As of today, those assets are collectively valued at $5.2M.",https://twitter.com/zeroexprotocol/status/1656778391507595264,zeroexprotocol,544,6,4,44,4,en,,,,,,,"[User(username='0xProject', id=826699259441328128, displayname='0x', rawDescription=None, renderedDescription=None, descriptionLinks=None, verified=None, created=None, followersCount=None, friendsCount=None, statusesCount=None, favouritesCount=None, listedCount=None, mediaCount=None, location=None, protected=None, link=None, profileImageUrl=None, profileBannerUrl=None, label=None, blue=None, blueType=None), User(username='0xPolygon', id=1290205144815108099, displayname='Polygon', rawDescription=None, renderedDescription=None, descriptionLinks=None, verified=None, created=None, followersCount=None, friendsCount=None, statusesCount=None, favouritesCount=None, listedCount=None, mediaCount=None, location=None, protected=None, link=None, profileImageUrl=None, profileBannerUrl=None, label=None, blue=None, blueType=None), User(username='CeloOrg', id=1009135067153616896, displayname='Celo ü¶á üå≥', rawDescription=None, renderedDescription=None, descriptionLinks=None, verified=None, created=None, followersCount=None, friendsCount=None, statusesCount=None, favouritesCount=None, listedCount=None, mediaCount=None, location=None, protected=None, link=None, profileImageUrl=None, profileBannerUrl=None, label=None, blue=None, blueType=None), User(username='arbitrum', id=1332033418088099843, displayname='Arbitrum (üíô,üß°)', rawDescription=None, renderedDescription=None, descriptionLinks=None, verified=None, created=None, followersCount=None, friendsCount=None, statusesCount=None, favouritesCount=None, listedCount=None, mediaCount=None, location=None, protected=None, link=None, profileImageUrl=None, profileBannerUrl=None, label=None, blue=None, blueType=None)]",,,,,
38,2023-05-11 17:09:08+00:00,1656708025514704899,Verify yourself: https://t.co/CpH64gEldG,https://twitter.com/zeroexprotocol/status/1656708025514704899,zeroexprotocol,544,0,0,3,0,en,"[TextLink(text='etherscan.io/tx/0x6ae5c74b0‚Ä¶', url='https://etherscan.io/tx/0x6ae5c74b0e613e7060c71011697147250f7d409a7a60be35c6ba87798b246676#eventlog', tcourl='https://t.co/CpH64gEldG', indices=(17, 40))]",,,,1.6567080240173384e+18,https://twitter.com/zeroexprotocol,,,,,,
39,2023-05-11 17:09:07+00:00,1656708024017338386,"UPDATE: passed and executed ‚úÖ

tldr; The grant is provided to help @PurplePayApp  integrate swap functionality to it's regulatory-compliant, privacy-enabled payment platform.",https://twitter.com/zeroexprotocol/status/1656708024017338386,zeroexprotocol,544,1,1,23,0,en,,,,https://twitter.com/zeroexprotocol/status/1655292963612663809,,,"[User(username='PurplePayApp', id=1594950228351676416, displayname='Purple Pay üíú', rawDescription=None, renderedDescription=None, descriptionLinks=None, verified=None, created=None, followersCount=None, friendsCount=None, statusesCount=None, favouritesCount=None, listedCount=None, mediaCount=None, location=None, protected=None, link=None, profileImageUrl=None, profileBannerUrl=None, label=None, blue=None, blueType=None)]",,,,,
40,2023-05-10 01:39:01+00:00,1656111567409238016,"Everything is transparently held on-chain.

Ethereum - 0x0bB1810061C2f5b2088054eE184E6C79e1591101
Arbitrum - 0x1cc2810061c2f5B2088054EE184E6c79E1592212

Learn more about the Inbox + Retryable ticket and alias address here: https://t.co/RmLtLKkCPR",https://twitter.com/zeroexprotocol/status/1656111567409238016,zeroexprotocol,544,0,0,6,0,en,"[TextLink(text='developer.arbitrum.io/arbos/l1-to-l2‚Ä¶', url='https://developer.arbitrum.io/arbos/l1-to-l2-messaging', tcourl='https://t.co/RmLtLKkCPR', indices=(223, 246))]",,,,1.6561115664570368e+18,https://twitter.com/zeroexprotocol,,,,,,
41,2023-05-10 01:39:01+00:00,1656111566457036801,"Have an idea of what the funds should be used for?

Pop into the discussion forum and drop your idea there üëá
https://t.co/1xqZTuXa2r",https://twitter.com/zeroexprotocol/status/1656111566457036801,zeroexprotocol,544,1,0,7,0,en,"[TextLink(text='forum.0xProtocol.org', url='http://forum.0xProtocol.org', tcourl='https://t.co/1xqZTuXa2r', indices=(109, 132))]",,,,1.656111565236519e+18,https://twitter.com/zeroexprotocol,,,,,,
42,2023-05-10 01:39:00+00:00,1656111565236518914,"üí∞ TREASURY UPDATE üí∞

Thank you @arbitrum for the generous airdrop of 643,851 ARB to
@zeroexprotocol!

The community-owned treasury has received the funds in the aliased L2 address and leverage Arbitrum's Inbox + Retryable ticket to disburse funds via on-chain governance.",https://twitter.com/zeroexprotocol/status/1656111565236518914,zeroexprotocol,544,7,5,33,1,en,,,,,,,"[User(username='arbitrum', id=1332033418088099843, displayname='Arbitrum (üíô,üß°)', rawDescription=None, renderedDescription=None, descriptionLinks=None, verified=None, created=None, followersCount=None, friendsCount=None, statusesCount=None, favouritesCount=None, listedCount=None, mediaCount=None, location=None, protected=None, link=None, profileImageUrl=None, profileBannerUrl=None, label=None, blue=None, blueType=None), User(username='zeroexprotocol', id=1629210812949704712, displayname='0x Protocol', rawDescription=None, renderedDescription=None, descriptionLinks=None, verified=None, created=None, followersCount=None, friendsCount=None, statusesCount=None, favouritesCount=None, listedCount=None, mediaCount=None, location=None, protected=None, link=None, profileImageUrl=None, profileBannerUrl=None, label=None, blue=None, blueType=None)]",,,,,
43,2023-05-07 19:26:11+00:00,1655292965068128257,"As they say, ""Don't trust, verify."" 

Here's the Etherscan for 0x Protocol Treasury so that you can verify what's going on yourself: https://t.co/AAtRLHWmjx

That said, apologies again for the bug in the UI.",https://twitter.com/zeroexprotocol/status/1655292965068128257,zeroexprotocol,544,0,0,8,0,en,"[TextLink(text='etherscan.io/address/0x0bb1‚Ä¶', url='https://etherscan.io/address/0x0bb1810061c2f5b2088054ee184e6c79e1591101', tcourl='https://t.co/AAtRLHWmjx', indices=(133, 156))]",,,,1.6552929636126638e+18,https://twitter.com/zeroexprotocol,,,,,,
44,2023-06-04 11:41:35+00:00,1665322906782425088,"In the near future, we are determined to address the liquidity issue by implementing steps and strategies that provide a strong defence against large-scale market sell-offs, making 0x0 a preferred choice for investors and ensuring a satisfactory investment experience.",https://twitter.com/0x0Audits/status/1665322906782425088,0x0Audits,11282,6,6,84,0,en,,,,,1.66532290374153e+18,https://twitter.com/0x0Audits,,,,,,
45,2023-06-04 11:41:35+00:00,1665322903741530114,"To those who view the price of 0x0 as solely speculative, we encourage a reevaluation. Our project is pioneering groundbreaking innovations yet to be witnessed in the market. These transformative endeavours merit substantial long-term value, transcending minor corrections.",https://twitter.com/0x0Audits/status/1665322903741530114,0x0Audits,11282,1,3,66,0,en,,,,,1.6653229008475095e+18,https://twitter.com/0x0Audits,,,,,,
46,2023-06-04 11:41:34+00:00,1665322900847509508,"We injected $1.25 million worth of liquidity, burnt over $4 million worth of #0x0 tokens (at the current price), allocated funds for marketing and development, and implemented buybacks when necessary. Additionally, we organized generous competitions to engage our community.",https://twitter.com/0x0Audits/status/1665322900847509508,0x0Audits,11282,5,7,89,2,en,,,,,1.6653228967915684e+18,https://twitter.com/0x0Audits,,,,['0x0'],,
47,2023-06-04 11:41:33+00:00,1665322896791568384,We proactively addressed concerns pertaining to fraudulent activities and exploitative practices within the Ethereum space by demonstrating transparency and taking decisive measures.,https://twitter.com/0x0Audits/status/1665322896791568384,0x0Audits,11282,2,4,52,0,en,,,,,1.6653228933103247e+18,https://twitter.com/0x0Audits,,,,,,
48,2023-06-04 11:41:32+00:00,1665322893310324736,"We acknowledged the influential role of communities in spreading awareness, surpassing that of influencers or venture capitalists. As such, we prioritize community members and welcome their ideas with open arms, irrespective of their token holdings.",https://twitter.com/0x0Audits/status/1665322893310324736,0x0Audits,11282,1,2,46,0,en,,,,,1.6653228905631416e+18,https://twitter.com/0x0Audits,,,,,,
49,2023-06-04 11:41:31+00:00,1665322890563141632,"To counter these issues, we introduced a revenue share model that allocates 100% of generated fees from utilities to #0x0 token holders.",https://twitter.com/0x0Audits/status/1665322890563141632,0x0Audits,11282,1,3,51,1,en,,,,,1.665322887710929e+18,https://twitter.com/0x0Audits,,,,['0x0'],,
50,2023-06-04 11:41:31+00:00,1665322887710928897,"We observed a prevalent trend of rapid price fluctuations and market manipulation in which token holders lacked incentives to hold long-term, resulting in a mere exchange of wealth. Furthermore, the utility of these tokens often did not align with their intended purpose.",https://twitter.com/0x0Audits/status/1665322887710928897,0x0Audits,11282,1,2,44,0,en,,,,,1.6653228844939878e+18,https://twitter.com/0x0Audits,,,,,,
51,2023-06-04 11:41:30+00:00,1665322884493987843,"To address this pressing issue, we developed a privacy mixer and decentralized exchange (DEX) that ensures user privacy and diligently tracks wallets associated with known scammers, effectively preventing their usage.",https://twitter.com/0x0Audits/status/1665322884493987843,0x0Audits,11282,1,2,44,0,en,,,,,1.665322881646035e+18,https://twitter.com/0x0Audits,,,,,,
52,2023-06-04 11:41:29+00:00,1665322881646034944,"We identified a privacy gap within the Ethereum space, with existing solutions primarily utilized by scammers or hackers and subsequently blacklisted by reputable organizations. At the same time, centralized exchanges (CEXs) offer privacy but lack decentralization.",https://twitter.com/0x0Audits/status/1665322881646034944,0x0Audits,11282,2,3,50,0,en,,,,,1.6653228780095939e+18,https://twitter.com/0x0Audits,,,,,,
53,2023-06-04 11:41:28+00:00,1665322878009593862,"We recognized traditional audits' high cost and time-consuming nature, prompting us to leverage AI technology to expedite the process and enhance efficiency. By doing so, we aim to safeguard investors from potential rug pulls.",https://twitter.com/0x0Audits/status/1665322878009593862,0x0Audits,11282,1,2,52,0,en,,,,,1.6653228739368305e+18,https://twitter.com/0x0Audits,,,,,,
54,2023-06-04 11:41:28+00:00,1665322873936830465,"Revolutionizing the Ethereum Space: Introducing our Game-Changing Solutions

A contemplation, realization, and reflection thread on #0x0 and its transformative ecosystem.

Let's dive into the challenges, solutions, and the future of efficiency, privacy, and community empowerment.",https://twitter.com/0x0Audits/status/1665322873936830465,0x0Audits,11282,28,92,306,7,en,,,,,,,,,,['0x0'],,
55,2022-03-07 18:30:40+00:00,1500901765402828805,Who's ready? üëª,https://twitter.com/RamsesExchange/status/1500901765402828805,RamsesExchange,29779,0,0,0,0,en,,,,,,,,,,,,
56,2022-03-07 18:30:40+00:00,1500901765402828805,Who's ready? üëª,https://twitter.com/RamsesExchange/status/1500901765402828805,RamsesExchange,29779,0,0,0,0,en,,,,,,,,,,,,
57,2023-05-31 01:39:20+00:00,1663721793452900354,"Don't miss the latest #0xMonero project update! 
üëâhttps://t.co/X6RON6DJYO",https://twitter.com/0xMonero/status/1663721793452900354,0xMonero,1980,0,1,2,0,en,"[TextLink(text='t.me/Monero0xMR', url='https://t.me/Monero0xMR', tcourl='https://t.co/X6RON6DJYO', indices=(50, 73))]",,,,,,,,,['0xMonero'],,"SummaryCard(title='0xMonero', url='https://t.me/Monero0xMR', description='0xMonero is a multi-contract, multi-chain, privacy focused project. Mixer- @TIP_0xMR_bot Twitter- twitter.com/0xMonero', thumbnailUrl='https://pbs.twimg.com/card_img/1663483506608033794/MXykkz3y?format=jpg&name=orig', siteUser=User(username='telegram', id=1689053928, displayname='Telegram Messenger', rawDescription='Simple, fast, secure ‚Äì and synced across all your devices. One of the top 5 most-downloaded apps in the world with over 700 million active users.', renderedDescription='Simple, fast, secure ‚Äì and synced across all your devices. One of the top 5 most-downloaded apps in the world with over 700 million active users.', descriptionLinks=None, verified=False, created=datetime.datetime(2013, 8, 21, 19, 47, 5, tzinfo=datetime.timezone.utc), followersCount=1434230, friendsCount=97, statusesCount=48902, favouritesCount=7350, listedCount=4221, mediaCount=3595, location='', protected=None, link=TextLink(text='telegram.org', url='http://telegram.org', tcourl='https://t.co/zHAc9lS7Jy', indices=(0, 23)), profileImageUrl='https://pbs.twimg.com/profile_images/1183117696730390529/LRDASku7_normal.jpg', profileBannerUrl='https://pbs.twimg.com/profile_banners/1689053928/1392066683', label=None, blue=True, blueType=None), creatorUser=None)"
58,2023-05-31 00:29:00+00:00,1663704091703246851,"As AI technology advances, ensure your privacy and security with #0xMonero's #0xTIP mixer and private bridge. Stay one step ahead and safeguard your crypto transactions. üîíüõ°Ô∏è",https://twitter.com/0xMonero/status/1663704091703246851,0xMonero,1980,2,1,2,0,en,,,,,,,,,,"['0xMonero', '0xTIP']",,
59,2023-05-30 02:48:39+00:00,1663376849223954432,"#0xMR is now tradeable on @Droidex_io. #DroidEx is a multi-chain DEX aggregator that finds you the best price for your trade.  

https://t.co/e72N4RpJjC",https://twitter.com/0xMonero/status/1663376849223954432,0xMonero,1980,2,3,5,0,en,"[TextLink(text='droidex.io/swap?network=e‚Ä¶', url='https://droidex.io/swap?network=erc-20&from=ETH&to=0xMR', tcourl='https://t.co/e72N4RpJjC', indices=(129, 152))]",,,,,,"[User(username='Droidex_io', id=1481573486669836295, displayname='DROIDEX', rawDescription=None, renderedDescription=None, descriptionLinks=None, verified=None, created=None, followersCount=None, friendsCount=None, statusesCount=None, favouritesCount=None, listedCount=None, mediaCount=None, location=None, protected=None, link=None, profileImageUrl=None, profileBannerUrl=None, label=None, blue=None, blueType=None)]",,,"['0xMR', 'DroidEx']",,
60,2023-05-30 00:28:00+00:00,1663341451965775873,"#0xMonero has thrived for 3 years thanks to a good team, strong community, and real-world utility. We're here to stay through bear and bull markets alike. üí™üìà",https://twitter.com/0xMonero/status/1663341451965775873,0xMonero,1980,0,1,4,0,en,,,,,,,,,,['0xMonero'],,
61,2023-05-29 00:28:00+00:00,1662979064075010053,"Don't miss out on #0xMR farming pool rewards on #Gnosis chain, available until late 2023. Join the action at https://t.co/8e8qWhRtmv",https://twitter.com/0xMonero/status/1662979064075010053,0xMonero,1980,0,1,2,0,en,"[TextLink(text='swapr.eth.link/#/rewards/camp‚Ä¶', url='https://swapr.eth.link/#/rewards/campaign/0x8c88eA1fD60462Ef7004B9e288afCB4680a3c50c/0xe91D153E0b41518A2Ce8Dd3D7944Fa863463a97d/0xd8DC3F40E8bf57D605f155Dc61f0a7Bf806ce72d?chainId=100', tcourl='https://t.co/8e8qWhRtmv', indices=(109, 132))]",,,,,,,,,"['0xMR', 'Gnosis']",,"SummaryCard(title='Swapr', url='https://swapr.eth.link/#/rewards/campaign/0x8c88eA1fD60462Ef7004B9e288afCB4680a3c50c/0xe91D153E0b41518A2Ce8Dd3D7944Fa863463a97d/0xd8DC3F40E8bf57D605f155Dc61f0a7Bf806ce72d?chainId=100', description='A governance-enabled automated market maker with adjustable fees.', thumbnailUrl='https://pbs.twimg.com/card_img/1663678642172448771/OcykRu7A?format=png&name=orig', siteUser=None, creatorUser=None)"
62,2023-05-28 00:27:00+00:00,1662616424668438532,Experience seamless trading of ETH/0xMR and MintME/0xMR pairs on #MintMe exchange. Benefit from limit orders and a smooth trading experience. #0xMonero https://t.co/rVEkHDR3nl,https://twitter.com/0xMonero/status/1662616424668438532,0xMonero,1980,0,1,1,0,en,"[TextLink(text='Mintme.com', url='http://Mintme.com', tcourl='https://t.co/rVEkHDR3nl', indices=(152, 175))]",,,,,,,,,"['MintMe', '0xMonero']",,"SummaryCard(title='mintMe | create your own token, monetize yourself!', url='http://Mintme.com', description='MintMe is a blockchain crowdfunding platform where patrons also earn on their favorite influencer success. Anyone can create a token that represents themselves or their project. When you create a...', thumbnailUrl='https://pbs.twimg.com/card_img/1662166944462565376/iWWC4JIM?format=png&name=orig', siteUser=None, creatorUser=User(username='mintme', id=249196569, displayname='mint', rawDescription='', renderedDescription='', descriptionLinks=None, verified=False, created=datetime.datetime(2011, 2, 8, 15, 38, 33, tzinfo=datetime.timezone.utc), followersCount=5, friendsCount=0, statusesCount=0, favouritesCount=0, listedCount=0, mediaCount=0, location='', protected=None, link=None, profileImageUrl='https://abs.twimg.com/sticky/default_profile_images/default_profile_normal.png', profileBannerUrl=None, label=None, blue=False, blueType=None))"
63,2023-05-27 00:26:00+00:00,1662253785136402434,Experience an innovative dice game with #0xTIP. Join our Telegram group and test your luck with #0xMR: https://t.co/X6RON6EhOm üé≤,https://twitter.com/0xMonero/status/1662253785136402434,0xMonero,1980,0,1,1,0,en,"[TextLink(text='t.me/Monero0xMR', url='https://t.me/Monero0xMR', tcourl='https://t.co/X6RON6EhOm', indices=(103, 126))]",,,,,,,,,"['0xTIP', '0xMR']",,"SummaryCard(title='0xMonero', url='https://t.me/Monero0xMR', description='0xMonero is a multi-contract, multi-chain, privacy focused project. Mixer- @TIP_0xMR_bot Twitter- twitter.com/0xMonero', thumbnailUrl='https://pbs.twimg.com/card_img/1663483506608033794/MXykkz3y?format=jpg&name=orig', siteUser=User(username='telegram', id=1689053928, displayname='Telegram Messenger', rawDescription='Simple, fast, secure ‚Äì and synced across all your devices. One of the top 5 most-downloaded apps in the world with over 700 million active users.', renderedDescription='Simple, fast, secure ‚Äì and synced across all your devices. One of the top 5 most-downloaded apps in the world with over 700 million active users.', descriptionLinks=None, verified=False, created=datetime.datetime(2013, 8, 21, 19, 47, 5, tzinfo=datetime.timezone.utc), followersCount=1434230, friendsCount=97, statusesCount=48902, favouritesCount=7350, listedCount=4221, mediaCount=3595, location='', protected=None, link=TextLink(text='telegram.org', url='http://telegram.org', tcourl='https://t.co/zHAc9lS7Jy', indices=(0, 23)), profileImageUrl='https://pbs.twimg.com/profile_images/1183117696730390529/LRDASku7_normal.jpg', profileBannerUrl='https://pbs.twimg.com/profile_banners/1689053928/1392066683', label=None, blue=True, blueType=None), creatorUser=None)"
64,2023-05-26 00:25:00+00:00,1661891145566400512,Keep your gambling transactions secure with #0xMonero. Visit https://t.co/ncexwpvZYF and https://t.co/i5TRKNbHSP for a safe and private gaming experience. üïµÔ∏è‚Äç‚ôÇÔ∏èüéÆ,https://twitter.com/0xMonero/status/1661891145566400512,0xMonero,1980,0,1,1,0,en,"[TextLink(text='Betcrypt365.com', url='http://Betcrypt365.com', tcourl='https://t.co/ncexwpvZYF', indices=(61, 84)), TextLink(text='NEAR.casino', url='http://NEAR.casino', tcourl='https://t.co/i5TRKNbHSP', indices=(89, 112))]",,,,,,,,,['0xMonero'],,
65,2023-05-25 00:24:00+00:00,1661528506063368195,Bridge your #0xMonero between #Ethereum and #NEAR seamlessly with #RainbowBridge and trade on @jumbo_exchange. Visit https://t.co/IQzdRt7aw3 for more information.,https://twitter.com/0xMonero/status/1661528506063368195,0xMonero,1980,3,0,0,0,en,"[TextLink(text='0xMonero.com', url='http://0xMonero.com', tcourl='https://t.co/IQzdRt7aw3', indices=(117, 140))]",,,,,,"[User(username='jumbo_exchange', id=1442794715166937093, displayname='Jumbo.Exchange', rawDescription=None, renderedDescription=None, descriptionLinks=None, verified=None, created=None, followersCount=None, friendsCount=None, statusesCount=None, favouritesCount=None, listedCount=None, mediaCount=None, location=None, protected=None, link=None, profileImageUrl=None, profileBannerUrl=None, label=None, blue=None, blueType=None)]",,,"['0xMonero', 'Ethereum', 'NEAR', 'RainbowBridge']",,"SummaryCard(title='0xMonero', url='http://0xMonero.com', description='0x035df12e0f3ac6671126525f1015e47d79dfeddf Privacy is Freedom', thumbnailUrl='https://pbs.twimg.com/card_img/1665389495775293440/5gA1Yt89?format=jpg&name=orig', siteUser=None, creatorUser=None)"
66,2023-05-24 00:23:00+00:00,1661165866850074624,Enjoy the thrill of the game while maintaining your privacy. Use #0xMR at our partnered casinos: https://t.co/ncexwpvZYF and https://t.co/i5TRKNbHSP. üé≤,https://twitter.com/0xMonero/status/1661165866850074624,0xMonero,1980,0,1,1,0,en,"[TextLink(text='Betcrypt365.com', url='http://Betcrypt365.com', tcourl='https://t.co/ncexwpvZYF', indices=(97, 120)), TextLink(text='NEAR.casino', url='http://NEAR.casino', tcourl='https://t.co/i5TRKNbHSP', indices=(125, 148))]",,,,,,,,,['0xMR'],,
67,2023-05-24 00:22:00+00:00,1661165614847901696,"#0xMonero was launched  as a mineable token like #Bitcoin. That means no ICO, VC or team tokens. We never &amp; will never ask for funds. This project is a public good.",https://twitter.com/0xMonero/status/1661165614847901696,0xMonero,1980,0,1,1,0,en,,,,,,,,,,"['0xMonero', 'Bitcoin']",,
68,2023-06-01 17:02:58+00:00,1664316621752614925,"We are live now for our French Community Call!

Join us to connect, discuss, and share ideas. Looking forward to engaging with our #Francophone community. Allons-y! üá´üá∑

Connect here: https://t.co/wwyw8dc2MS or https://t.co/ude0llFRFC 

#RealT #LiveNow #CommunityCall",https://twitter.com/RealTPlatform/status/1664316621752614925,RealTPlatform,40209,2,5,23,0,en,"[TextLink(text='youtube.com/channel/UCIUnP‚Ä¶', url='https://youtube.com/channel/UCIUnPBs55STUL16VDQOHBWg', tcourl='https://t.co/wwyw8dc2MS', indices=(183, 206)), TextLink(text='twitch.tv/realtofficial', url='https://twitch.tv/realtofficial', tcourl='https://t.co/ude0llFRFC', indices=(210, 233))]",,,,,,,,,"['Francophone', 'RealT', 'LiveNow', 'CommunityCall']",,"SummaryCard(title='realtofficial - Twitch', url='https://twitch.tv/realtofficial', description='Grow a global real estate portfolio easily and affordably through the Ethereum blockchain.', thumbnailUrl='https://pbs.twimg.com/card_img/1662459817074786305/0F2R1ynK?format=png&name=orig', siteUser=User(username='Twitch', id=309366491, displayname='Twitch', rawDescription='Twitch is where thousands of communities come together for whatever, every day. For site issues follow @TwitchSupport.', renderedDescription='Twitch is where thousands of communities come together for whatever, every day. For site issues follow @TwitchSupport.', descriptionLinks=None, verified=False, created=datetime.datetime(2011, 6, 2, 0, 1, 6, tzinfo=datetime.timezone.utc), followersCount=9938728, friendsCount=1066, statusesCount=23945, favouritesCount=10115, listedCount=9658, mediaCount=9946, location='San Francisco, CA', protected=None, link=TextLink(text='blog.twitch.tv/en/2023/06/01/‚Ä¶', url='https://blog.twitch.tv/en/2023/06/01/together-for-pride/', tcourl='https://t.co/h9LHtCJiCO', indices=(0, 23)), profileImageUrl='https://pbs.twimg.com/profile_images/1663260751153479685/_zuMPXdw_normal.jpg', profileBannerUrl='https://pbs.twimg.com/profile_banners/309366491/1685387240', label=None, blue=True, blueType='Business'), creatorUser=None)"
69,2023-05-29 07:02:00+00:00,1663078218721574918,"Our token holders are starting off their week right with their weekly rents. It's a digital era, and your income can be too.

#RealT #Web3 #TokenIncome",https://twitter.com/RealTPlatform/status/1663078218721574918,RealTPlatform,40209,6,5,48,1,en,,,,,,,,,,"['RealT', 'Web3', 'TokenIncome']",,
70,2023-05-27 17:55:45+00:00,1662517964250161157,"Ready to level up your investment portfolio?

Start your Saturday by exploring our offers and take a step towards financial success.

https://t.co/s5pOnG2r64

#RealT #InvestmentOpportunities #SaturdayVibes",https://twitter.com/RealTPlatform/status/1662517964250161157,RealTPlatform,40209,0,1,18,0,en,"[TextLink(text='realt.co/marketplace', url='https://realt.co/marketplace', tcourl='https://t.co/s5pOnG2r64', indices=(134, 157))]",,,,,,,,,"['RealT', 'InvestmentOpportunities', 'SaturdayVibes']",,"SummaryCard(title='Tokenized Real Estate Marketplace | Real Estate on the Blockchain | RealT', url='https://realt.co/marketplace', description='Real estate investment can be frictionless with tokenized assets. Explore fractional real estate investment in the United States.', thumbnailUrl=None, siteUser=None, creatorUser=None)"
71,2023-05-25 19:00:10+00:00,1661809398728065031,"We're thrilled to announce that FIVE new properties in #Detroit are NOW available on our platform.

Dive into easy, tokenized investing TODAY!

Visit now: https://t.co/qEstgVfbVK

#RealT #TokenizedRealEstate",https://twitter.com/RealTPlatform/status/1661809398728065031,RealTPlatform,40209,0,0,17,0,en,"[TextLink(text='realt.co/marketplace/', url='https://realt.co/marketplace/', tcourl='https://t.co/qEstgVfbVK', indices=(155, 178))]",,,,,,,,,"['Detroit', 'RealT', 'TokenizedRealEstate']",,"SummaryCard(title='Tokenized Real Estate Marketplace | Real Estate on the Blockchain | RealT', url='https://realt.co/marketplace/', description='Real estate investment can be frictionless with tokenized assets. Explore fractional real estate investment in the United States.', thumbnailUrl=None, siteUser=None, creatorUser=None)"
72,2023-05-25 17:03:13+00:00,1661779967351431170,"We are live now! Join the #English Community Call at this very moment. Let's dive deep into the latest updates and discussions.

Connect here: https://t.co/wwyw8dc2MS or https://t.co/ude0llFRFC 

#RealT #LiveNow #CommunityCall",https://twitter.com/RealTPlatform/status/1661779967351431170,RealTPlatform,40209,0,1,12,0,en,"[TextLink(text='youtube.com/channel/UCIUnP‚Ä¶', url='https://youtube.com/channel/UCIUnPBs55STUL16VDQOHBWg', tcourl='https://t.co/wwyw8dc2MS', indices=(143, 166)), TextLink(text='twitch.tv/realtofficial', url='https://twitch.tv/realtofficial', tcourl='https://t.co/ude0llFRFC', indices=(170, 193))]",,,,,,,,,"['English', 'RealT', 'LiveNow', 'CommunityCall']",,"SummaryCard(title='realtofficial - Twitch', url='https://twitch.tv/realtofficial', description='Grow a global real estate portfolio easily and affordably through the Ethereum blockchain.', thumbnailUrl='https://pbs.twimg.com/card_img/1662459817074786305/0F2R1ynK?format=png&name=orig', siteUser=User(username='Twitch', id=309366491, displayname='Twitch', rawDescription='Twitch is where thousands of communities come together for whatever, every day. For site issues follow @TwitchSupport.', renderedDescription='Twitch is where thousands of communities come together for whatever, every day. For site issues follow @TwitchSupport.', descriptionLinks=None, verified=False, created=datetime.datetime(2011, 6, 2, 0, 1, 6, tzinfo=datetime.timezone.utc), followersCount=9938728, friendsCount=1066, statusesCount=23945, favouritesCount=10115, listedCount=9658, mediaCount=9946, location='San Francisco, CA', protected=None, link=TextLink(text='blog.twitch.tv/en/2023/06/01/‚Ä¶', url='https://blog.twitch.tv/en/2023/06/01/together-for-pride/', tcourl='https://t.co/h9LHtCJiCO', indices=(0, 23)), profileImageUrl='https://pbs.twimg.com/profile_images/1663260751153479685/_zuMPXdw_normal.jpg', profileBannerUrl='https://pbs.twimg.com/profile_banners/309366491/1685387240', label=None, blue=True, blueType='Business'), creatorUser=None)"
73,2023-05-25 13:00:01+00:00,1661718766361759744,"Mark your calendars! Our #English Community Call is kicking off in just 4 hours at 5 PM UTC. It's time to engage, discuss, and grow. Stay tuned!

https://t.co/wwyw8dc2MS or https://t.co/ude0llFRFC 

#RealT #CommunityCall #Blockchain https://t.co/bbiYJHRWr8",https://twitter.com/RealTPlatform/status/1661718766361759744,RealTPlatform,40209,1,0,11,0,en,"[TextLink(text='youtube.com/channel/UCIUnP‚Ä¶', url='https://youtube.com/channel/UCIUnPBs55STUL16VDQOHBWg', tcourl='https://t.co/wwyw8dc2MS', indices=(146, 169)), TextLink(text='twitch.tv/realtofficial', url='https://twitch.tv/realtofficial', tcourl='https://t.co/ude0llFRFC', indices=(173, 196))]","[Photo(previewUrl='https://pbs.twimg.com/media/Fw-caQpWYAMx-Wj?format=jpg&name=small', fullUrl='https://pbs.twimg.com/media/Fw-caQpWYAMx-Wj?format=jpg&name=orig', altText=None)]",,,,,,,,"['English', 'RealT', 'CommunityCall', 'Blockchain']",,
74,2023-05-24 20:01:43+00:00,1661462502511636484,"We are launching five new properties located in #Detroit tomorrow at 7 PM UTC!

Don't miss out on this opportunity to invest in real estate and become a part of the future of tokenization!

https://t.co/qEstgVfbVK

#RealEstate #Tokenization #InvestmentOpportunity #RealT https://t.co/rOluqBhqkp",https://twitter.com/RealTPlatform/status/1661462502511636484,RealTPlatform,40209,4,11,55,3,en,"[TextLink(text='realt.co/marketplace/', url='https://realt.co/marketplace/', tcourl='https://t.co/qEstgVfbVK', indices=(190, 213))]","[Photo(previewUrl='https://pbs.twimg.com/media/Fw6zU1jXgAIbHBm?format=jpg&name=small', fullUrl='https://pbs.twimg.com/media/Fw6zU1jXgAIbHBm?format=jpg&name=orig', altText=None), Photo(previewUrl='https://pbs.twimg.com/media/Fw6zVD7XwAA5eYu?format=jpg&name=small', fullUrl='https://pbs.twimg.com/media/Fw6zVD7XwAA5eYu?format=jpg&name=orig', altText=None), Photo(previewUrl='https://pbs.twimg.com/media/Fw6zVWPWYAYFvQG?format=jpg&name=small', fullUrl='https://pbs.twimg.com/media/Fw6zVWPWYAYFvQG?format=jpg&name=orig', altText=None), Photo(previewUrl='https://pbs.twimg.com/media/Fw6zVxCWcAAetye?format=jpg&name=small', fullUrl='https://pbs.twimg.com/media/Fw6zVxCWcAAetye?format=jpg&name=orig', altText=None)]",,,,,,,,"['Detroit', 'RealEstate', 'Tokenization', 'InvestmentOpportunity', 'RealT']",,
75,2023-05-24 07:26:01+00:00,1661272321833746432,"#RealT enables fractional real estate ownership. Even a small portion can make a big difference.

Take a look at our marketplace: https://t.co/s5pOnG2r64

#TokenizedRealEstate",https://twitter.com/RealTPlatform/status/1661272321833746432,RealTPlatform,40209,2,7,33,2,en,"[TextLink(text='realt.co/marketplace', url='https://realt.co/marketplace', tcourl='https://t.co/s5pOnG2r64', indices=(130, 153))]",,,,,,,,,"['RealT', 'TokenizedRealEstate']",,"SummaryCard(title='Tokenized Real Estate Marketplace | Real Estate on the Blockchain | RealT', url='https://realt.co/marketplace', description='Real estate investment can be frictionless with tokenized assets. Explore fractional real estate investment in the United States.', thumbnailUrl=None, siteUser=None, creatorUser=None)"
76,2023-05-23 08:11:00+00:00,1660921256516935680,"Thrilled to see @pressecitron featuring RealT in their latest article. For our French-speaking audience, it offers an excellent introduction to our platform:

https://t.co/zTkeIOguFT 

#RealT #Web3",https://twitter.com/RealTPlatform/status/1660921256516935680,RealTPlatform,40209,5,8,52,1,en,"[TextLink(text='presse-citron.net/?p=554451&shar‚Ä¶', url='https://www.presse-citron.net/?p=554451&shareadraft=baba554451_646783908b9c8', tcourl='https://t.co/zTkeIOguFT', indices=(159, 182))]",,,,,,"[User(username='pressecitron', id=6629022, displayname='Presse-citron', rawDescription=None, renderedDescription=None, descriptionLinks=None, verified=None, created=None, followersCount=None, friendsCount=None, statusesCount=None, favouritesCount=None, listedCount=None, mediaCount=None, location=None, protected=None, link=None, profileImageUrl=None, profileBannerUrl=None, label=None, blue=None, blueType=None)]",,,"['RealT', 'Web3']",,"SummaryCard(title='RealT, la plateforme qui r√©invente l‚Äôimmobilier gr√¢ce √† la blockchain et √† la DeFi', url='https://www.presse-citron.net/?p=554451&shareadraft=baba554451_646783908b9c8', description=""RealT est une plateforme qui permet √† quiconque d'investir sur le march√© r√©sidentiel am√©ricain, √† partir de 50 US dollars."", thumbnailUrl='https://pbs.twimg.com/card_img/1663221776988487689/lP-AJ-Df?format=jpg&name=orig', siteUser=User(username='pressecitron', id=6629022, displayname='Presse-citron', rawDescription=""Connectez-vous √† l'innovation ! üçã"", renderedDescription=""Connectez-vous √† l'innovation ! üçã"", descriptionLinks=None, verified=False, created=datetime.datetime(2007, 6, 6, 22, 38, 29, tzinfo=datetime.timezone.utc), followersCount=637749, friendsCount=485, statusesCount=83196, favouritesCount=6446, listedCount=7393, mediaCount=8293, location='Lyon, France', protected=None, link=TextLink(text='presse-citron.net', url='http://www.presse-citron.net/', tcourl='https://t.co/xLCtMymrGO', indices=(0, 23)), profileImageUrl='https://pbs.twimg.com/profile_images/1059795741605093378/Tnou9Dx3_normal.jpg', profileBannerUrl='https://pbs.twimg.com/profile_banners/6629022/1653035149', label=None, blue=False, blueType=None), creatorUser=User(username='pressecitron', id=6629022, displayname='Presse-citron', rawDescription=""Connectez-vous √† l'innovation ! üçã"", renderedDescription=""Connectez-vous √† l'innovation ! üçã"", descriptionLinks=None, verified=False, created=datetime.datetime(2007, 6, 6, 22, 38, 29, tzinfo=datetime.timezone.utc), followersCount=637749, friendsCount=485, statusesCount=83196, favouritesCount=6446, listedCount=7393, mediaCount=8293, location='Lyon, France', protected=None, link=TextLink(text='presse-citron.net', url='http://www.presse-citron.net/', tcourl='https://t.co/xLCtMymrGO', indices=(0, 23)), profileImageUrl='https://pbs.twimg.com/profile_images/1059795741605093378/Tnou9Dx3_normal.jpg', profileBannerUrl='https://pbs.twimg.com/profile_banners/6629022/1653035149', label=None, blue=False, blueType=None))"
77,2023-05-22 09:49:01+00:00,1660583532740194304,"It's Monday, which means our token holders are receiving their weekly rents. Isn't it time you join the club?

https://t.co/s5pOnG2r64

#RealT #PassiveIncome",https://twitter.com/RealTPlatform/status/1660583532740194304,RealTPlatform,40209,2,2,34,1,en,"[TextLink(text='realt.co/marketplace', url='https://realt.co/marketplace', tcourl='https://t.co/s5pOnG2r64', indices=(111, 134))]",,,,,,,,,"['RealT', 'PassiveIncome']",,"SummaryCard(title='Tokenized Real Estate Marketplace | Real Estate on the Blockchain | RealT', url='https://realt.co/marketplace', description='Real estate investment can be frictionless with tokenized assets. Explore fractional real estate investment in the United States.', thumbnailUrl=None, siteUser=None, creatorUser=None)"
78,2023-05-18 19:00:04+00:00,1659272658289139752,"We're excited to announce that our new property at 10410 Cadieux in #Detroit, is now officially available on our marketplace!

This is your chance to become a #TokenHolder and start earning #PassiveIncome.

https://t.co/5MIPNOQqt7

#RealT",https://twitter.com/RealTPlatform/status/1659272658289139752,RealTPlatform,40209,0,3,33,0,en,"[TextLink(text='realt.co/product/10410-‚Ä¶', url='https://realt.co/product/10410-cadieux-rd-detroit-mi-48224/', tcourl='https://t.co/5MIPNOQqt7', indices=(207, 230))]",,,,,,,,,"['Detroit', 'TokenHolder', 'PassiveIncome', 'RealT']",,"SummaryCard(title='10410 Cadieux Rd, Detroit, MI 48224 | RealT', url='https://realt.co/product/10410-cadieux-rd-detroit-mi-48224/', description=""10410 Cadieux From the beginning, RealT's vision was clear: buy properties in concentric circles to benefit from economies of scale, and reduce costs by working with a team of on-site handymen. The..."", thumbnailUrl='https://pbs.twimg.com/card_img/1663985171173916698/Xkpib2MP?format=jpg&name=orig', siteUser=None, creatorUser=None)"
